<?xml version='1.0'?>
<list>
  <option name="GHERKIN_OUTLINE_PARAMETER_SUBSTITUTION">
    <value>
      <option name="FONT_TYPE" value="2" />
      <option name="FOREGROUND" value="c37522" />
    </value>
  </option>
  <option name="GHERKIN_REGEXP_PARAMETER">
    <value>
      <option name="FONT_TYPE" value="1" />
      <option name="FOREGROUND" value="297BDE" />
    </value>
  </option>
  <option name="GHERKIN_PYSTRING">
    <value>
      <option name="FONT_TYPE" value="1" />
      <option name="FOREGROUND" value="008080" />
    </value>
  </option>
</list>
